{
  "\n": 14,
  "\r": 13,
  " ": 0,
  "!": 71,
  "\"": 27,
  "'": 29,
  ",": 23,
  "-": 49,
  ".": 20,
  "0": 70,
  "1": 51,
  "2": 63,
  "3": 61,
  "4": 60,
  "5": 62,
  "6": 64,
  "7": 65,
  "8": 67,
  "9": 69,
  ":": 73,
  ";": 56,
  "?": 34,
  "A": 39,
  "B": 40,
  "C": 42,
  "D": 53,
  "E": 43,
  "F": 57,
  "G": 66,
  "H": 31,
  "I": 24,
  "J": 47,
  "K": 76,
  "L": 59,
  "M": 32,
  "N": 52,
  "O": 54,
  "P": 38,
  "Q": 75,
  "R": 58,
  "S": 33,
  "T": 30,
  "U": 72,
  "V": 68,
  "W": 37,
  "X": 77,
  "Y": 50,
  "Z": 78,
  "a": 3,
  "b": 25,
  "c": 19,
  "d": 10,
  "e": 1,
  "f": 21,
  "g": 18,
  "h": 8,
  "i": 6,
  "j": 41,
  "k": 26,
  "l": 11,
  "m": 16,
  "n": 5,
  "o": 4,
  "p": 22,
  "q": 46,
  "r": 9,
  "s": 7,
  "t": 2,
  "u": 12,
  "v": 28,
  "w": 15,
  "x": 36,
  "y": 17,
  "z": 48,
  "|": 44,
  "\u00e9": 74,
  "\u2013": 45,
  "\u2014": 35,
  "\u2026": 55
}